
{
	"HEADER_MESSAGE_LOGIN":"Iniciar Sesión",
	"FORGOTPASSWORD":"Olvido la contraseña",
	"INVALID_USER":"Usuarion no existé",
	"INVALID_PASSWORD":"Contraseña invalida",
	"INVALID_EMAIL":"E-mail invalido",
	"INTERNETERROR":"Error de coneccion, revise coneccion a internet",
	"EMAILPASSWORDSENT":"Contraseña temporal ha sido enviada a tu buzon!",
	"ENTEREMAIL":"Inserte su e-mail:",
	"CANCERCENTER":"Centro de Cancer Cedars",
	"RESETPASSWORD":"Resetear Contraseña",
	"LOADING":"Cargando",
	"NEWPASSWORD":"Entre Contraseña",
	"SETPASSWORDLABEL":"Restablece tu contraseña",
	"SETPASSWORDBUTTON":"Restablecer Contraseña",
	"SETPASSWORDPLACEHOLDER":"Escribe tu nueva contraseña...",
	"BACKTOLOGIN":"Iniciar sesion",
	"ENTERSSNLABEL":"Enter your SSN Health Care ID:",
	"ENTERSSNPLACEHOLDER":"Enter SSN...",
	"CONTINUE":"Continue"

}
