{
	"_COMMENT4":"My chart Page",
	"APPOINTMENTS":"Appointments",
	"MYCHART":"My Chart",
	"TREATMENTPLANNING":"Treatment Planning",
	"MYDOCUMENTS":"My Documents",
	"TREATINGTEAMNOTIFICATIONS":"Treating Team Notifications",
	"QUESTIONNAIRES":"Questionnaires",
	"UPCOMINGAPPOINTMENT":"Upcoming Appointment",
	"TEAMMESSAGES":"Team Messages",
	"PATIENTDOCUMENTS":"Patient Documents",
	"DOCUMENT":"Document",
	"SHAREVIAEMAIL":"Share via e-mail",
	"PRINTDOCUMENT":"Print Document",
	"STAGE":"Stage",
	"_COMMENT3":"Treatment Planning Page",
	"STATUS":"Status",
	"QUESTIONNAIRETOCOMPLETE":"Your treating team has sent you a questionnaire to complete while waiting for your appointment",
	"NOTEAMMESSAGES":"No treatment team messages",
	"NOPATIENTDOCUMENTSAVAILABLE":"No Patient Documents Available",
	"UNREAD":"Unread",
	"DEAR":"Dear",
	"_COMMENT":"Individual Page and Main Appointment Page",
	"OPTIONS":"Options",
	"APPOINTMENT":"Appointment",
	"CHECKIN":"Check-in",
	"ESTIMATEDWAIT":"Estimated Wait",
	"MINUTES":"Minutes",
	"LOCATION":"Location",
	"_COMMENT2":"Options page appointment",
	"PAST":"Past",
	"TODAY":"Today",
	"FUTURE":"Future",
	"LABELS":"Labels",
	"PHONECALENDARACCESS":"Phone Calendar Access",
	"EDUCATION":"Education",
	"GENERAL":"General",
	"NOTIFICATIONS":"Notifications",
	"NONOTIFICATIONS":"No Notificaitons",
	"GENERALANNOUNCEMENTS":"General Announcements",
	"PARKING":"Parking",
	"CONTACTS":"Contacts",
	"PRIMARYDOCTOR":"Primary Doctor",
	"ONCOLOGIST":"Oncologist",
	"OTHER":"Other",
	"DOCTOR":"Doctor",
	"NOANNOUNCEMENTS":"No announcements",
	"AVAILABLESOON":"Available Soon",
	"HEADER_MESSAGE_HOME":"Home",
	"PATIENTID":"Patient ID:",
	"OVERVIEW":"Overview",
	"CHECKIN_MESSAGE_BEFORE":"Check-in to your appointment",
	"CHECKIN_MESSAGE_AFTER":"You are checked in!",
	"NOPLANNING":"No treatment plan available",
	"PLANNING":"Radiotherapy treatment planning",
	"INTREATMENT":"In Treatment",
	"NEXTAPPOINTMENT":"Next Appointment",
	"NEWS":"News",
	"HEADER_MESSAGE_LOGIN":"Login",
	"FORGOTPASSWORD":"Forgot Password",
	"INVALID_USER":"User does not exist!",
	"INVALID_PASSWORD":"Invalid Password!",
	"INVALID_EMAIL":"Invalid e-mail",
	"INTERNETERROR":"Sever error, please check your internet connection",
	"EMAILPASSWORDSENT":"Password has been reset sucessfully, check your email for your temporary password!",
	"ENTEREMAIL":"Enter your Email Address:",
	"CANCERCENTER":"Cedars Cancer Center",
	"RESETPASSWORD":"Reset Password",
	"LOADING":"Loading",
	"NEWPASSWORD":"Set Password",
	"SETPASSWORDLABEL":"Set new password",
	"SETPASSWORDBUTTON":"Set Password",
	"SETPASSWORDPLACEHOLDER":"Set password...",
	"BACKTOLOGIN":"Back To Login",
	"ENTERSSNLABEL":"Enter your SSN Health Care ID:",
	"ENTERSSNPLACEHOLDER":"Enter SSN...",
	"CONTINUE":"Continue",
	"SECURITYQUESTION":"Security Question",
	"ENTERANSWERPLACEHOLDER":"Enter your answer...",
	"ERRORENTERSSNNUMBER":"Enter an SSN number!",
	"ERRORENTERVALIDSSN":"Enter Valid SSN!",
	"ERRORINCORRECTSSN":"The SSN enter does not much our records, try again",
	"ENTERANANSWER":"Enter an answer",
	"ERRORANSWERNOTMATCH":"Answer does not match our records",
	"CONTACTHOSPITAL":"Contact the hospital for assitance",
	"ENTERVALIDPASSWORD":"Enter a valid password",
	"SERVERPROBLEM":"Server problem, contact the hospital",
	"PASSWORDSUCCESSRESET":"Password has been successfully changed, redirecting to login",
	"PERSONAL":"Personal",
	"ALIAS":"Alias",
	"EMAIL":"Email",
	"PASSWORD":"Password",
	"PHONENUMBER":"Phone Number",
	"PREFERENCES":"Preferences",
	"LANGUAGE":"Language",
	"FONTSIZE":"Font size",
	"ENABLESMS":"Enable SMS",
	"CALENDARACCESS":"Calendar Access",
	"SIGNOUT":"Sign out",
	"ENTERNEW":"Enter new",
	"UPDATE":"Update",
	"HASBEENUPDATED":"has been updated!",
	"ENTERYOURALIAS":"Enter your new alias",
	"ENTERYOURLASTNAME":"Enter your new last name",
	"ENABLESMSNOTIFICATIONQUESTION":"Would you like to enable your SMS messaging notifications?",
	"DISABLESMSNOTIFICATIONQUESTION":"Would you like to disable your SMS messaging notifications?",
	"ENABLECALENDARACCESSQUESTION":"Would you like save your appointment schedule in your phone calendar?",
	"DISABLECALENDARACCESSQUESTION":"Would you like to saving your appointments to your phone calendar?",
	"CONFIRMALERTCALENDARLABEL":"Calendar Setting",
	"CONFIRMALERTSMSLABEL":"SMS settings",
	"CANCEL":"Cancel",
	"ENTERNEWTELEPHONE":"Enter your new telephone number:",
	"ENTERPASSWORD":"Enter your Password",
	"ENTEREMAILADDRESS":"Enter your new email address:",
	"ENTEROLDPASSWORD":"Enter your old password",
	"ENTERNEWPASSWORD":"Enter your new password:",
	"SELECTFONTSIZE":"Select font size",
	"ENTEROLD":"Enter old ",
	"SELECTLANGUAGE":"Select language",
	"BACK":"Back",
	"LOADINGDATA":"Loading Data",
	"RELEASETOREFRESH":"Release to refresh",
	"PULLDOWNTOREFRESH":"Pull down to refresh",
	"HOME":"Home",
	"SETTINGS":"Settings",
	"HOME_DESCRIPTION":"In your home tab you will be provided with news about your medical status, documents, hospital announcements and appointments.",
	"MYCHART_DESCRIPTION":"The my chart tab contains all the information regarding your electronic health data.",
	"GENERAL_DESCRIPTION":"In your general tab you will find useful information to facilitate your hospital visit.",
	"EDUCATION_DESCRIPTION":"In your education tab you will find educational material specific to you treatment and general to radiation oncology."

	
	
}